{
  "hash": "3282bf51",
  "configHash": "ce258a94",
  "lockfileHash": "73e44e91",
  "browserHash": "5d8b3668",
  "optimized": {
    "@angular/common": {
      "src": "../../../../../../node_modules/@angular/common/fesm2022/common.mjs",
      "file": "@angular_common.js",
      "fileHash": "12ef9c46",
      "needsInterop": false
    },
    "@angular/common/http": {
      "src": "../../../../../../node_modules/@angular/common/fesm2022/http.mjs",
      "file": "@angular_common_http.js",
      "fileHash": "0692c744",
      "needsInterop": false
    },
    "@angular/core": {
      "src": "../../../../../../node_modules/@angular/core/fesm2022/core.mjs",
      "file": "@angular_core.js",
      "fileHash": "1b241729",
      "needsInterop": false
    },
    "@angular/forms": {
      "src": "../../../../../../node_modules/@angular/forms/fesm2022/forms.mjs",
      "file": "@angular_forms.js",
      "fileHash": "82f42090",
      "needsInterop": false
    },
    "@angular/material/autocomplete": {
      "src": "../../../../../../node_modules/@angular/material/fesm2022/autocomplete.mjs",
      "file": "@angular_material_autocomplete.js",
      "fileHash": "91f0bd49",
      "needsInterop": false
    },
    "@angular/material/badge": {
      "src": "../../../../../../node_modules/@angular/material/fesm2022/badge.mjs",
      "file": "@angular_material_badge.js",
      "fileHash": "411b2574",
      "needsInterop": false
    },
    "@angular/material/bottom-sheet": {
      "src": "../../../../../../node_modules/@angular/material/fesm2022/bottom-sheet.mjs",
      "file": "@angular_material_bottom-sheet.js",
      "fileHash": "edb1927a",
      "needsInterop": false
    },
    "@angular/material/button": {
      "src": "../../../../../../node_modules/@angular/material/fesm2022/button.mjs",
      "file": "@angular_material_button.js",
      "fileHash": "ba9ab1c1",
      "needsInterop": false
    },
    "@angular/material/button-toggle": {
      "src": "../../../../../../node_modules/@angular/material/fesm2022/button-toggle.mjs",
      "file": "@angular_material_button-toggle.js",
      "fileHash": "ec220743",
      "needsInterop": false
    },
    "@angular/material/card": {
      "src": "../../../../../../node_modules/@angular/material/fesm2022/card.mjs",
      "file": "@angular_material_card.js",
      "fileHash": "109322f1",
      "needsInterop": false
    },
    "@angular/material/checkbox": {
      "src": "../../../../../../node_modules/@angular/material/fesm2022/checkbox.mjs",
      "file": "@angular_material_checkbox.js",
      "fileHash": "b8d4f9da",
      "needsInterop": false
    },
    "@angular/material/chips": {
      "src": "../../../../../../node_modules/@angular/material/fesm2022/chips.mjs",
      "file": "@angular_material_chips.js",
      "fileHash": "8e828cd1",
      "needsInterop": false
    },
    "@angular/material/core": {
      "src": "../../../../../../node_modules/@angular/material/fesm2022/core.mjs",
      "file": "@angular_material_core.js",
      "fileHash": "5f6d910d",
      "needsInterop": false
    },
    "@angular/material/datepicker": {
      "src": "../../../../../../node_modules/@angular/material/fesm2022/datepicker.mjs",
      "file": "@angular_material_datepicker.js",
      "fileHash": "f345cab1",
      "needsInterop": false
    },
    "@angular/material/dialog": {
      "src": "../../../../../../node_modules/@angular/material/fesm2022/dialog.mjs",
      "file": "@angular_material_dialog.js",
      "fileHash": "d7ee038d",
      "needsInterop": false
    },
    "@angular/material/divider": {
      "src": "../../../../../../node_modules/@angular/material/fesm2022/divider.mjs",
      "file": "@angular_material_divider.js",
      "fileHash": "2ffca25d",
      "needsInterop": false
    },
    "@angular/material/expansion": {
      "src": "../../../../../../node_modules/@angular/material/fesm2022/expansion.mjs",
      "file": "@angular_material_expansion.js",
      "fileHash": "57773b69",
      "needsInterop": false
    },
    "@angular/material/form-field": {
      "src": "../../../../../../node_modules/@angular/material/fesm2022/form-field.mjs",
      "file": "@angular_material_form-field.js",
      "fileHash": "6352bd54",
      "needsInterop": false
    },
    "@angular/material/grid-list": {
      "src": "../../../../../../node_modules/@angular/material/fesm2022/grid-list.mjs",
      "file": "@angular_material_grid-list.js",
      "fileHash": "13120ecb",
      "needsInterop": false
    },
    "@angular/material/icon": {
      "src": "../../../../../../node_modules/@angular/material/fesm2022/icon.mjs",
      "file": "@angular_material_icon.js",
      "fileHash": "be4adc1a",
      "needsInterop": false
    },
    "@angular/material/input": {
      "src": "../../../../../../node_modules/@angular/material/fesm2022/input.mjs",
      "file": "@angular_material_input.js",
      "fileHash": "33d7ac9b",
      "needsInterop": false
    },
    "@angular/material/list": {
      "src": "../../../../../../node_modules/@angular/material/fesm2022/list.mjs",
      "file": "@angular_material_list.js",
      "fileHash": "a5eb477f",
      "needsInterop": false
    },
    "@angular/material/menu": {
      "src": "../../../../../../node_modules/@angular/material/fesm2022/menu.mjs",
      "file": "@angular_material_menu.js",
      "fileHash": "f0317ea8",
      "needsInterop": false
    },
    "@angular/material/paginator": {
      "src": "../../../../../../node_modules/@angular/material/fesm2022/paginator.mjs",
      "file": "@angular_material_paginator.js",
      "fileHash": "275bc5ed",
      "needsInterop": false
    },
    "@angular/material/progress-bar": {
      "src": "../../../../../../node_modules/@angular/material/fesm2022/progress-bar.mjs",
      "file": "@angular_material_progress-bar.js",
      "fileHash": "0df49e9e",
      "needsInterop": false
    },
    "@angular/material/progress-spinner": {
      "src": "../../../../../../node_modules/@angular/material/fesm2022/progress-spinner.mjs",
      "file": "@angular_material_progress-spinner.js",
      "fileHash": "c53bddb1",
      "needsInterop": false
    },
    "@angular/material/radio": {
      "src": "../../../../../../node_modules/@angular/material/fesm2022/radio.mjs",
      "file": "@angular_material_radio.js",
      "fileHash": "bd9bbfb9",
      "needsInterop": false
    },
    "@angular/material/select": {
      "src": "../../../../../../node_modules/@angular/material/fesm2022/select.mjs",
      "file": "@angular_material_select.js",
      "fileHash": "001a3f03",
      "needsInterop": false
    },
    "@angular/material/sidenav": {
      "src": "../../../../../../node_modules/@angular/material/fesm2022/sidenav.mjs",
      "file": "@angular_material_sidenav.js",
      "fileHash": "92f8f6fc",
      "needsInterop": false
    },
    "@angular/material/slide-toggle": {
      "src": "../../../../../../node_modules/@angular/material/fesm2022/slide-toggle.mjs",
      "file": "@angular_material_slide-toggle.js",
      "fileHash": "377b3ef8",
      "needsInterop": false
    },
    "@angular/material/slider": {
      "src": "../../../../../../node_modules/@angular/material/fesm2022/slider.mjs",
      "file": "@angular_material_slider.js",
      "fileHash": "93750a47",
      "needsInterop": false
    },
    "@angular/material/snack-bar": {
      "src": "../../../../../../node_modules/@angular/material/fesm2022/snack-bar.mjs",
      "file": "@angular_material_snack-bar.js",
      "fileHash": "e88b2e31",
      "needsInterop": false
    },
    "@angular/material/sort": {
      "src": "../../../../../../node_modules/@angular/material/fesm2022/sort.mjs",
      "file": "@angular_material_sort.js",
      "fileHash": "038cad89",
      "needsInterop": false
    },
    "@angular/material/stepper": {
      "src": "../../../../../../node_modules/@angular/material/fesm2022/stepper.mjs",
      "file": "@angular_material_stepper.js",
      "fileHash": "d2c72e3f",
      "needsInterop": false
    },
    "@angular/material/table": {
      "src": "../../../../../../node_modules/@angular/material/fesm2022/table.mjs",
      "file": "@angular_material_table.js",
      "fileHash": "34004fa2",
      "needsInterop": false
    },
    "@angular/material/tabs": {
      "src": "../../../../../../node_modules/@angular/material/fesm2022/tabs.mjs",
      "file": "@angular_material_tabs.js",
      "fileHash": "96fd4e83",
      "needsInterop": false
    },
    "@angular/material/toolbar": {
      "src": "../../../../../../node_modules/@angular/material/fesm2022/toolbar.mjs",
      "file": "@angular_material_toolbar.js",
      "fileHash": "0ddbc279",
      "needsInterop": false
    },
    "@angular/material/tooltip": {
      "src": "../../../../../../node_modules/@angular/material/fesm2022/tooltip.mjs",
      "file": "@angular_material_tooltip.js",
      "fileHash": "c284c381",
      "needsInterop": false
    },
    "@angular/material/tree": {
      "src": "../../../../../../node_modules/@angular/material/fesm2022/tree.mjs",
      "file": "@angular_material_tree.js",
      "fileHash": "1828447b",
      "needsInterop": false
    },
    "@angular/platform-browser": {
      "src": "../../../../../../node_modules/@angular/platform-browser/fesm2022/platform-browser.mjs",
      "file": "@angular_platform-browser.js",
      "fileHash": "cc828f12",
      "needsInterop": false
    },
    "@angular/platform-browser/animations/async": {
      "src": "../../../../../../node_modules/@angular/platform-browser/fesm2022/animations/async.mjs",
      "file": "@angular_platform-browser_animations_async.js",
      "fileHash": "5b043663",
      "needsInterop": false
    },
    "@angular/router": {
      "src": "../../../../../../node_modules/@angular/router/fesm2022/router.mjs",
      "file": "@angular_router.js",
      "fileHash": "0017a8f6",
      "needsInterop": false
    },
    "ng2-charts": {
      "src": "../../../../../../node_modules/ng2-charts/fesm2022/ng2-charts.mjs",
      "file": "ng2-charts.js",
      "fileHash": "426a1e22",
      "needsInterop": false
    }
  },
  "chunks": {
    "browser-PEPVQQWP": {
      "file": "browser-PEPVQQWP.js"
    },
    "chunk-77JSLHSQ": {
      "file": "chunk-77JSLHSQ.js"
    },
    "chunk-Z2V6X5U3": {
      "file": "chunk-Z2V6X5U3.js"
    },
    "chunk-XCI7ANTG": {
      "file": "chunk-XCI7ANTG.js"
    },
    "chunk-IF3M45HD": {
      "file": "chunk-IF3M45HD.js"
    },
    "chunk-BLGKYYNQ": {
      "file": "chunk-BLGKYYNQ.js"
    },
    "chunk-R4YUP5QL": {
      "file": "chunk-R4YUP5QL.js"
    },
    "chunk-RJ7PAZLS": {
      "file": "chunk-RJ7PAZLS.js"
    },
    "chunk-2GXLZF5X": {
      "file": "chunk-2GXLZF5X.js"
    },
    "chunk-CP7VMDSG": {
      "file": "chunk-CP7VMDSG.js"
    },
    "chunk-5DUU4BKD": {
      "file": "chunk-5DUU4BKD.js"
    },
    "chunk-EUR4SNTG": {
      "file": "chunk-EUR4SNTG.js"
    },
    "chunk-6QWZNJQD": {
      "file": "chunk-6QWZNJQD.js"
    },
    "chunk-ZEJ6XB5N": {
      "file": "chunk-ZEJ6XB5N.js"
    },
    "chunk-B6DZRMPK": {
      "file": "chunk-B6DZRMPK.js"
    },
    "chunk-735BKUC6": {
      "file": "chunk-735BKUC6.js"
    },
    "chunk-CYHEBOAY": {
      "file": "chunk-CYHEBOAY.js"
    },
    "chunk-7A77VJHU": {
      "file": "chunk-7A77VJHU.js"
    },
    "chunk-BGHKUUNQ": {
      "file": "chunk-BGHKUUNQ.js"
    },
    "chunk-QZC442CC": {
      "file": "chunk-QZC442CC.js"
    },
    "chunk-IMO4PGE6": {
      "file": "chunk-IMO4PGE6.js"
    }
  }
}